Resumo geral;Pagamentos pendentes;Pagamentos finalizados;Valor total
 ;$ 0,00;$ 55.875,19;$ 55.875,19
Descrição;Veículo;Fornecedor;Funcionário;Viagem;Data de cadastro;Data de vencimento;Data de pagamento;Valor total;Pago?
MULTA;BAV6C31 - VW/8.160 DRC 4X2;DETRAN MT;"";"";08/10/2025 02:31:00;26/08/2025 14:46:00;26/08/2025 14:51:00;$ 260,32;O
"";ID;Item;Quantidade;Valor unitário;Valor total
"";33039;MULTA POR NAO IDENTIFICAR O CONDUTOR INFRATOR;1;$ 260,32;$ 260,32
TAXA TRANSFERENCIA;LKQ-1G03 - VW/8.120 EURO3;DETRAN MT;"";"";18/09/2025 14:58:00;19/09/2025 14:58:00;20/09/2025 08:54:00;$ 480,00;O
"";ID;Item;Quantidade;Valor unitário;Valor total
"";33823;Laudo / Homologação de Vistoria Veicular;1;$ 32,34;$ 32,34
"";33824; Transf/1º Emplacamento/Emissão de CRVe;1;$ 306,85;$ 306,85
"";33825;Art 233 CTB  Deixar de reg veic até 30 DIAS;1;$ 140,81;$ 140,81
Compra de peças;QTW4D43 - TOYOTA/HILUX CSLSTM4FD;RODOBENS COMERCIO E LOCAÇÃO DE VEICULOS LTDA;"";"";09/09/2025 15:29:00;09/09/2025 16:28:00;09/09/2025 16:28:00;$ 756,04;O
"";ID;Item;Quantidade;Valor unitário;Valor total
"";33715;conjunto de trava capo;1;$ 479,49;$ 479,49
"";33716;cabo da trava do capo;1;$ 276,55;$ 276,55
COMPRA DE PEÇAS- FILTRO DO OLEO;BDX-9H60 - VW/9.170 DRC 4X2;JS Distribuidora de Peças S.A. ;"";"";08/09/2025 13:49:00;06/11/2025 13:49:00;11/09/2025 13:49:00;$ 570,73;O
"";ID;Item;Quantidade;Valor unitário;Valor total
"";33574;COMPRA DE FILTRO DO OLEO;1;$ 570,73;$ 570,73
COMPRA DE PEÇAS- OLEO;BDX-9H60 - VW/9.170 DRC 4X2;Claudio Peças;"";"";08/09/2025 13:45:00;08/09/2025 13:45:00;09/09/2025 13:40:00;$ 380,00;O
"";ID;Item;Quantidade;Valor unitário;Valor total
"";32807;COMPRA DE LUBRIFICANTE;1;$ 380,00;$ 380,00
COMPRA DE PEÇAS- OLEO;"";Claudio Peças;"";"";08/09/2025 13:22:00;07/11/2025 13:22:00;11/09/2025 13:22:00;$ 380,00;O
"";ID;Item;Quantidade;Valor unitário;Valor total
"";33572;COMPRA DE OLEO/GALAO 20L;1;$ 380,00;$ 380,00
COMPRA DE PEÇAS- FILTRO DO OLEO;BDX-9H60 - VW/9.170 DRC 4X2;JS Distribuidora de Peças S.A. ;"";"";08/09/2025 08:01:00;09/09/2025 08:01:00;09/09/2025 13:40:00;$ 570,73;O
"";ID;Item;Quantidade;Valor unitário;Valor total
"";33481;FILTROS PARA MANUTENÇÃO ;1;$ 570,73;$ 570,73
COMPRA DE ACESSORIOS PARA CAMINHÃO;CVP1962 - VOLKSWAGEN 8120;SHOPPING POPULAR;"";"";03/09/2025 13:25:00;11/09/2025 13:25:00;11/09/2025 13:25:00;$ 50,00;O
"";ID;Item;Quantidade;Valor unitário;Valor total
"";33573;COMPRA DE ACESSORIO/CARREGADOR DE CELULAR;1;$ 50,00;$ 50,00
COMPRA DE PEÇAS- BATERIA;SPL-3D99 - VW/DELIVERY 11.180;CASTRILLON ;"";"";01/09/2025 08:22:00;01/09/2025 08:22:00;01/09/2025 08:22:00;$ 752,01;O
"";ID;Item;Quantidade;Valor unitário;Valor total
"";33190;Compra de peças-bateria;1;$ 752,01;$ 752,01
MULTA;QTW4D43 - TOYOTA/HILUX CSLSTM4FD;DETRAN MT;"";"";30/08/2025 09:27:00;30/08/2025 09:27:00;19/09/2025 12:24:00;$ 130,16;O
"";ID;Item;Quantidade;Valor unitário;Valor total
"";33038;TRANSITAR EM VELOCIDADE SUPERIOR A 20%;1;$ 130,16;$ 130,16
MULTA;QRD-7I51 - VOLKSWAGEN 11180;DETRAN MT;"";"";30/08/2025 08:51:00;30/08/2025 08:51:00;30/08/2025 08:51:00;$ 130,16;O
"";ID;Item;Quantidade;Valor unitário;Valor total
"";33038;TRANSITAR EM VELOCIDADE SUPERIOR A 20%;1;$ 130,16;$ 130,16
MULTA;QBK-1J74 - FORD CARGO 816;DETRAN MT;"";"";30/08/2025 08:20:00;30/08/2025 08:20:00;30/08/2025 08:20:00;$ 195,23;O
"";ID;Item;Quantidade;Valor unitário;Valor total
"";33059;DEIXAR O CONDUTOR DE USAR O CINTO SEGURANÇA;1;$ 195,23;$ 195,23
MULTA;QBK-1J74 - FORD CARGO 816;DETRAN MT;"";"";30/08/2025 08:16:00;30/08/2025 08:16:00;30/08/2025 08:16:00;$ 293,47;O
"";ID;Item;Quantidade;Valor unitário;Valor total
"";33186;DIRIGIR VEIC C/CNH VENCIDA MAIS DE 30 DIAS;1;$ 293,47;$ 293,47
MULTA;QBK-1J74 - FORD CARGO 816;DETRAN MT;"";"";29/08/2025 16:05:00;29/08/2025 16:05:00;29/08/2025 16:05:00;$ 195,23;O
"";ID;Item;Quantidade;Valor unitário;Valor total
"";33179;TRANSITAR C/VIEC/CARGA C/DIMENS/SUPE/LIMITE;1;$ 195,23;$ 195,23
COMPRA DE ADITIVO PARA CAMINHOES;"";COMERCIAL MARIANO;"";"";29/08/2025 15:14:00;29/08/2025 15:14:00;09/09/2025 13:40:00;$ 285,00;O
"";ID;Item;Quantidade;Valor unitário;Valor total
"";33175;COMPRA DE ADITIVO PARA CAMINHOES;1;$ 285,00;$ 285,00
BORRACHARIA ;CVP1962 - VOLKSWAGEN 8120;NATAN PNEU;WANDERSON CONCEIÇÃO NUNES;"";29/08/2025 10:35:00;29/08/2025 10:35:00;29/08/2025 10:35:00;$ 80,00;O
"";ID;Item;Quantidade;Valor unitário;Valor total
"";33163;VULCANIZAÇAO DE PNEU;1;$ 80,00;$ 80,00
MULTA;NVX3C19 - I/TOYOTA HILUX CS4X4CHAS;DETRAN MT;"";"";28/08/2025 13:17:00;28/08/2025 09:12:00;28/08/2025 09:12:00;$ 130,16;O
"";ID;Item;Quantidade;Valor unitário;Valor total
"";33038;TRANSITAR EM VELOCIDADE SUPERIOR A 20%;1;$ 130,16;$ 130,16
MULTA;NVX3C19 - I/TOYOTA HILUX CS4X4CHAS;DETRAN MT;"";"";28/08/2025 10:40:00;28/08/2025 09:15:00;28/08/2025 09:15:00;$ 130,16;O
"";ID;Item;Quantidade;Valor unitário;Valor total
"";33038;TRANSITAR EM VELOCIDADE SUPERIOR A 20%;1;$ 130,16;$ 130,16
MULTA;NVX3C19 - I/TOYOTA HILUX CS4X4CHAS;DETRAN MT;"";"";28/08/2025 06:42:00;28/08/2025 09:11:00;28/08/2025 09:11:00;$ 293,47;O
"";ID;Item;Quantidade;Valor unitário;Valor total
"";33041;AVANCAR SINAL VERMELHO DO SEMAFORO;1;$ 293,47;$ 293,47
MULTA;LKQ-1G03 - VW/8.120 EURO3;DETRAN MT;"";"";27/08/2025 15:36:00;27/08/2025 15:36:00;27/08/2025 15:36:00;$ 130,16;O
"";ID;Item;Quantidade;Valor unitário;Valor total
"";33038;TRANSITAR EM VELOCIDADE SUPERIOR A 20%;1;$ 130,16;$ 130,16
MULTA;LKQ-1G03 - VW/8.120 EURO3;DETRAN MT;"";"";27/08/2025 15:29:00;27/08/2025 15:29:00;27/08/2025 15:29:00;$ 130,16;O
"";ID;Item;Quantidade;Valor unitário;Valor total
"";33091;deixar de manter luz baixa acesa nas rodovias;1;$ 130,16;$ 130,16
MULTA;JYU-1051 - VOLKSWAGEN 8.120;DETRAN MT;"";"";27/08/2025 13:41:00;27/08/2025 13:41:00;27/08/2025 13:48:00;$ 130,16;O
"";ID;Item;Quantidade;Valor unitário;Valor total
"";33067;MANTER LUZ BAIXA NAS RODOVIAS;1;$ 130,16;$ 130,16
MULTA;CVP1962 - VOLKSWAGEN 8120;DETRAN MT;"";"";27/08/2025 10:03:00;27/08/2025 10:03:00;27/08/2025 10:03:00;$ 195,23;O
"";ID;Item;Quantidade;Valor unitário;Valor total
"";33061;DEIXAR O PASSA DE USAR CINTO DE SEG;1;$ 195,23;$ 195,23
COMPRA DE FERRAMENTA;"";ATLANTICO COMERCIO ACES;"";"";26/08/2025 20:19:00;26/08/2025 20:19:00;26/08/2025 20:19:00;$ 62,15;O
"";ID;Item;Quantidade;Valor unitário;Valor total
"";33047;CALIBRADOR;1;$ 62,15;$ 62,15
MULTA;BAV6C31 - VW/8.160 DRC 4X2;DETRAN MT;"";"";26/08/2025 14:08:00;26/08/2025 15:00:00;26/08/2025 15:00:00;$ 130,16;O
"";ID;Item;Quantidade;Valor unitário;Valor total
"";33038;TRANSITAR EM VELOCIDADE SUPERIOR A 20%;1;$ 130,16;$ 130,16
COMPRA DE PEÇAS- OLEO E FILTROS;NWA-3I75 - VOLKSWAGEN 8120;KARANGÃO AUTO PEÇAS;"";"";26/08/2025 13:09:00;26/08/2025 13:09:00;26/08/2025 13:12:00;$ 284,81;O
"";ID;Item;Quantidade;Valor unitário;Valor total
"";33029;OLEO+FILTROS;1;$ 284,81;$ 284,81
BORRACHARIA;CVP1962 - VOLKSWAGEN 8120;BORRACHARIA CANARIO;"";"";26/08/2025 13:08:00;11/09/2025 13:08:00;11/09/2025 13:08:00;$ 20,00;O
"";ID;Item;Quantidade;Valor unitário;Valor total
"";32177;SERVIÇOS DE BORRACHARIA ;1;$ 20,00;$ 20,00
Compra de peças e mão de obra ;BAV6C31 - VW/8.160 DRC 4X2;Descar Auto Eletrica e Baterias;"";"";20/08/2025 08:21:00;17/09/2025 09:59:00;19/09/2025 12:49:00;$ 100,00;O
"";ID;Item;Quantidade;Valor unitário;Valor total
"";33710;CHICOTE;1;$ 20,00;$ 20,00
"";33712;mão de obra elétrica ;1;$ 80,00;$ 80,00
COMPRA DE PEÇAS;LKQ-1G03 - VW/8.120 EURO3;CASTRILLON ;"";"";08/08/2025 13:18:00;11/09/2025 13:18:00;11/09/2025 13:18:00;$ 855,36;O
"";ID;Item;Quantidade;Valor unitário;Valor total
"";33571;VALVULA DE PEDAL DE FREIO;1;$ 855,36;$ 855,36
MULTA;LKQ-1G03 - VW/8.120 EURO3;DETRAN MT;"";"";19/07/2025 08:40:00;27/08/2025 16:52:00;27/08/2025 16:52:00;$ 195,23;O
"";ID;Item;Quantidade;Valor unitário;Valor total
"";33089;DEIXAR O PASSAGEIRO DE USAR O CINTO DE SEG;1;$ 195,23;$ 195,23
MULTA EM ABERTO;LKQ-1G03 - VW/8.120 EURO3;DETRAN MT;IZAIAS GONÇALO DE CAMPOS;"";19/07/2025 08:40:00;19/08/2025 15:17:00;10/09/2025 15:24:00;$ 195,23;O
"";ID;Item;Quantidade;Valor unitário;Valor total
"";33061;DEIXAR O PASSA DE USAR CINTO DE SEG;1;$ 195,23;$ 195,23
MULTA;NVX3C19 - I/TOYOTA HILUX CS4X4CHAS;DETRAN MT;"";"";18/07/2025 10:27:00;28/08/2025 09:30:00;28/08/2025 09:30:00;$ 130,16;O
"";ID;Item;Quantidade;Valor unitário;Valor total
"";33038;TRANSITAR EM VELOCIDADE SUPERIOR A 20%;1;$ 130,16;$ 130,16
MULTA EM ABERTO;BEH6C13 - VW/6.160 DRC 4X2;DETRAN MT;"";"";14/07/2025 13:44:00;12/09/2025 13:44:00;12/09/2025 13:21:00;$ 312,37;O
"";ID;Item;Quantidade;Valor unitário;Valor total
"";33039;MULTA POR NAO IDENTIFICAR O CONDUTOR INFRATOR;1;$ 312,37;$ 312,37
MULTA;BEH6C13 - VW/6.160 DRC 4X2;DETRAN MT;"";"";04/06/2025 20:42:00;27/08/2025 09:07:00;27/08/2025 09:09:00;$ 195,23;O
"";ID;Item;Quantidade;Valor unitário;Valor total
"";33056;DEIXAR DE ADENTRAR ÀS AREA PARA Á PESAGEM;1;$ 195,23;$ 195,23
MULTA;BEH6C13 - VW/6.160 DRC 4X2;DETRAN MT;"";"";04/06/2025 20:42:00;27/08/2025 09:33:00;27/08/2025 09:33:00;$ 195,23;O
"";ID;Item;Quantidade;Valor unitário;Valor total
"";33056;DEIXAR DE ADENTRAR ÀS AREA PARA Á PESAGEM;1;$ 195,23;$ 195,23
MULTA;CVP1962 - VOLKSWAGEN 8120;DETRAN MT;"";"";23/05/2025 18:43:00;27/08/2025 10:39:00;27/08/2025 10:39:00;$ 293,47;O
"";ID;Item;Quantidade;Valor unitário;Valor total
"";33041;AVANCAR SINAL VERMELHO DO SEMAFORO;1;$ 293,47;$ 293,47
MULTA NICP034487;BEH6C13 - VW/6.160 DRC 4X2;DETRAN MT;"";"";15/05/2025 10:24:00;19/09/2025 10:24:00;19/09/2025 15:19:00;$ 208,26;O
"";ID;Item;Quantidade;Valor unitário;Valor total
"";33039;MULTA POR NAO IDENTIFICAR O CONDUTOR INFRATOR;1;$ 208,26;$ 208,26
MULTA;BEH6C13 - VW/6.160 DRC 4X2;DETRAN MT;"";"";15/05/2025 02:56:00;27/08/2025 09:09:00;27/08/2025 09:09:00;$ 260,32;O
"";ID;Item;Quantidade;Valor unitário;Valor total
"";33042;MULTA POR NAO IDENTIFICAÇÃO DO CONDUTOR;1;$ 260,32;$ 260,32
MULTA;BEH6C13 - VW/6.160 DRC 4X2;DETRAN MT;"";"";15/05/2025 02:54:00;27/08/2025 09:35:00;27/08/2025 09:35:00;$ 260,32;O
"";ID;Item;Quantidade;Valor unitário;Valor total
"";33039;MULTA POR NAO IDENTIFICAR O CONDUTOR INFRATOR;1;$ 260,32;$ 260,32
MULTA;"";DETRAN MT;"";"";13/05/2025 16:23:00;27/08/2025 09:50:00;27/08/2025 09:50:00;$ 293,47;O
"";ID;Item;Quantidade;Valor unitário;Valor total
"";33041;AVANCAR SINAL VERMELHO DO SEMAFORO;1;$ 293,47;$ 293,47
MULTA;CVP1962 - VOLKSWAGEN 8120;DETRAN MT;"";"";13/05/2025 16:23:00;27/08/2025 10:41:00;27/08/2025 10:41:00;$ 293,47;O
"";ID;Item;Quantidade;Valor unitário;Valor total
"";33041;AVANCAR SINAL VERMELHO DO SEMAFORO;1;$ 293,47;$ 293,47
MULTA;BEH6C13 - VW/6.160 DRC 4X2;DETRAN MT;"";"";30/04/2025 21:48:00;27/08/2025 09:12:00;27/08/2025 09:12:00;$ 195,23;O
"";ID;Item;Quantidade;Valor unitário;Valor total
"";33056;DEIXAR DE ADENTRAR ÀS AREA PARA Á PESAGEM;1;$ 195,23;$ 195,23
MULTA;BEH6C13 - VW/6.160 DRC 4X2;DETRAN MT;"";"";30/04/2025 21:48:00;27/08/2025 09:42:00;27/08/2025 09:42:00;$ 195,23;O
"";ID;Item;Quantidade;Valor unitário;Valor total
"";33056;DEIXAR DE ADENTRAR ÀS AREA PARA Á PESAGEM;1;$ 195,23;$ 195,23
MULTA;NWA-3I75 - VOLKSWAGEN 8120;DETRAN MT;"";"";11/04/2025 17:58:00;28/08/2025 09:43:00;28/08/2025 09:43:00;$ 293,47;O
"";ID;Item;Quantidade;Valor unitário;Valor total
"";33041;AVANCAR SINAL VERMELHO DO SEMAFORO;1;$ 293,47;$ 293,47
MULTA;NVX3C19 - I/TOYOTA HILUX CS4X4CHAS;DETRAN MT;"";"";08/04/2025 14:11:00;28/08/2025 09:03:00;28/08/2025 09:03:00;$ 130,16;O
"";ID;Item;Quantidade;Valor unitário;Valor total
"";33038;TRANSITAR EM VELOCIDADE SUPERIOR A 20%;1;$ 130,16;$ 130,16
MULTA;KAH8I62 - HONDA CG 125;DETRAN MT;"";"";07/04/2025 02:44:00;27/08/2025 13:57:00;27/08/2025 13:57:00;$ 260,32;O
"";ID;Item;Quantidade;Valor unitário;Valor total
"";33042;MULTA POR NAO IDENTIFICAÇÃO DO CONDUTOR;1;$ 260,32;$ 260,32
MULTA;LKQ-1G03 - VW/8.120 EURO3;DETRAN MT;"";"";07/03/2025 09:28:00;27/08/2025 16:49:00;27/08/2025 16:49:00;$ 293,47;O
"";ID;Item;Quantidade;Valor unitário;Valor total
"";33088;COND VEICULO COM QUALQUER UMA DAS PLACAS;1;$ 293,47;$ 293,47
MULTA;SPL-3D99 - VW/DELIVERY 11.180;DETRAN MT;"";"";04/03/2025 02:41:00;30/08/2025 09:52:00;30/08/2025 09:52:00;$ 584,94;O
"";ID;Item;Quantidade;Valor unitário;Valor total
"";33042;MULTA POR NAO IDENTIFICAÇÃO DO CONDUTOR;1;$ 584,94;$ 584,94
MULTA;QRD-7I51 - VOLKSWAGEN 11180;DETRAN MT;"";"";03/03/2025 02:41:00;30/08/2025 08:27:00;30/08/2025 08:27:00;$ 586,94;O
"";ID;Item;Quantidade;Valor unitário;Valor total
"";33039;MULTA POR NAO IDENTIFICAR O CONDUTOR INFRATOR;1;$ 586,94;$ 586,94
MULTA;BEH6C13 - VW/6.160 DRC 4X2;DETRAN MT;"";"";02/03/2025 08:49:00;27/08/2025 09:21:00;27/08/2025 09:21:00;$ 130,16;O
"";ID;Item;Quantidade;Valor unitário;Valor total
"";33057;PARAR SOBRE FAIXA DE PEDESTRE;1;$ 130,16;$ 130,16
MULTA;"";DETRAN MT;"";"";02/03/2025 08:49:00;27/08/2025 09:44:00;27/08/2025 09:44:00;$ 130,16;O
"";ID;Item;Quantidade;Valor unitário;Valor total
"";33057;PARAR SOBRE FAIXA DE PEDESTRE;1;$ 130,16;$ 130,16
MULTA;SPO5H53 - FIAT/STRADA FREEDOM CD13;DETRAN MT;"";"";25/02/2025 12:10:00;30/08/2025 10:16:00;30/08/2025 10:16:00;$ 195,23;O
"";ID;Item;Quantidade;Valor unitário;Valor total
"";33189;ESTACIONAR EM DESACORDO COM A REGULAÇAO;1;$ 195,23;$ 195,23
MULTA;QRD-7I51 - VOLKSWAGEN 11180;DETRAN MT;"";"";25/02/2025 02:38:00;30/08/2025 08:30:00;30/08/2025 08:30:00;$ 260,32;O
"";ID;Item;Quantidade;Valor unitário;Valor total
"";33039;MULTA POR NAO IDENTIFICAR O CONDUTOR INFRATOR;1;$ 260,32;$ 260,32
MULTA;NVX3C19 - I/TOYOTA HILUX CS4X4CHAS;DETRAN MT;"";"";22/02/2025 13:09:00;28/08/2025 09:04:00;28/08/2025 09:04:00;$ 130,16;O
"";ID;Item;Quantidade;Valor unitário;Valor total
"";33038;TRANSITAR EM VELOCIDADE SUPERIOR A 20%;1;$ 130,16;$ 130,16
MULTA;BEH6C13 - VW/6.160 DRC 4X2;DETRAN MT;"";"";21/02/2025 07:27:00;27/08/2025 09:24:00;27/08/2025 09:24:00;$ 130,16;O
"";ID;Item;Quantidade;Valor unitário;Valor total
"";33038;TRANSITAR EM VELOCIDADE SUPERIOR A 20%;1;$ 130,16;$ 130,16
MULTA;BEH6C13 - VW/6.160 DRC 4X2;DETRAN MT;"";"";21/02/2025 07:27:00;27/08/2025 09:45:00;27/08/2025 09:45:00;$ 130,16;O
"";ID;Item;Quantidade;Valor unitário;Valor total
"";33038;TRANSITAR EM VELOCIDADE SUPERIOR A 20%;1;$ 130,16;$ 130,16
MULTA;QRD-7I51 - VOLKSWAGEN 11180;DETRAN MT;"";"";12/02/2025 15:11:00;30/08/2025 08:32:00;30/08/2025 08:32:00;$ 195,23;O
"";ID;Item;Quantidade;Valor unitário;Valor total
"";33046;TRANSITAR VELOCIDADE SUP A MAX PERMIT 20% 50%;1;$ 195,23;$ 195,23
MULTA;JYU-1051 - VOLKSWAGEN 8.120;DETRAN MT;"";"";03/02/2025 02:40:00;27/08/2025 13:09:00;27/08/2025 13:09:00;$ 586,94;O
"";ID;Item;Quantidade;Valor unitário;Valor total
"";33042;MULTA POR NAO IDENTIFICAÇÃO DO CONDUTOR;1;$ 586,94;$ 586,94
MULTA;QRD-7I51 - VOLKSWAGEN 11180;DETRAN MT;"";"";29/01/2025 03:14:00;30/08/2025 08:34:00;30/08/2025 08:34:00;$ 586,94;O
"";ID;Item;Quantidade;Valor unitário;Valor total
"";33039;MULTA POR NAO IDENTIFICAR O CONDUTOR INFRATOR;1;$ 586,94;$ 586,94
MULTA;NVX3C19 - I/TOYOTA HILUX CS4X4CHAS;DETRAN MT;"";"";29/01/2025 03:13:00;28/08/2025 09:05:00;28/08/2025 09:05:00;$ 260,32;O
"";ID;Item;Quantidade;Valor unitário;Valor total
"";33039;MULTA POR NAO IDENTIFICAR O CONDUTOR INFRATOR;1;$ 260,32;$ 260,32
MULTA;OQB-6A99 - FIAT/STRADA WORKING;DETRAN MT;"";"";27/01/2025 02:43:00;29/08/2025 14:02:00;29/08/2025 14:02:00;$ 260,32;O
"";ID;Item;Quantidade;Valor unitário;Valor total
"";33039;MULTA POR NAO IDENTIFICAR O CONDUTOR INFRATOR;1;$ 260,32;$ 260,32
MULTA;OQB-6A99 - FIAT/STRADA WORKING;DETRAN MT;"";"";21/01/2025 15:10:00;29/08/2025 14:07:00;29/08/2025 14:07:00;$ 195,23;O
"";ID;Item;Quantidade;Valor unitário;Valor total
"";33046;TRANSITAR VELOCIDADE SUP A MAX PERMIT 20% 50%;1;$ 195,23;$ 195,23
MULTA;JYU-1051 - VOLKSWAGEN 8.120;DETRAN MT;"";"";21/01/2025 02:47:00;27/08/2025 13:20:00;27/08/2025 13:20:00;$ 586,94;O
"";ID;Item;Quantidade;Valor unitário;Valor total
"";33042;MULTA POR NAO IDENTIFICAÇÃO DO CONDUTOR;1;$ 586,94;$ 586,94
MULTA;KAH8I62 - HONDA CG 125;DETRAN MT;"";"";18/01/2025 12:56:00;27/08/2025 13:59:00;27/08/2025 13:59:00;$ 130,16;O
"";ID;Item;Quantidade;Valor unitário;Valor total
"";33038;TRANSITAR EM VELOCIDADE SUPERIOR A 20%;1;$ 130,16;$ 130,16
MULTA EM ABERTO;QRD-7I51 - VOLKSWAGEN 11180;DETRAN MT;"";"";19/12/2024 13:21:00;16/09/2025 10:08:00;10/09/2025 15:16:00;$ 104,13;O
"";ID;Item;Quantidade;Valor unitário;Valor total
"";33038;TRANSITAR EM VELOCIDADE SUPERIOR A 20%;1;$ 104,13;$ 104,13
MULTA;QRD-7I51 - VOLKSWAGEN 11180;DETRAN MT;"";"";15/12/2024 09:43:00;30/08/2025 08:35:00;30/08/2025 08:35:00;$ 130,16;O
"";ID;Item;Quantidade;Valor unitário;Valor total
"";33038;TRANSITAR EM VELOCIDADE SUPERIOR A 20%;1;$ 130,16;$ 130,16
MULTA;BAV6C31 - VW/8.160 DRC 4X2;DETRAN MT;"";"";14/12/2024 16:26:00;26/08/2025 14:32:00;26/08/2025 14:36:00;$ 130,16;O
"";ID;Item;Quantidade;Valor unitário;Valor total
"";33038;TRANSITAR EM VELOCIDADE SUPERIOR A 20%;1;$ 130,16;$ 130,16
MULTA;SPL-3D99 - VW/DELIVERY 11.180;DETRAN MT;"";"";14/12/2024 09:35:00;30/08/2025 09:54:00;30/08/2025 09:54:00;$ 293,47;O
"";ID;Item;Quantidade;Valor unitário;Valor total
"";33041;AVANCAR SINAL VERMELHO DO SEMAFORO;1;$ 293,47;$ 293,47
MULTA EM ABERTO;SPI7B71 - CARRETINHA;DETRAN MT;"";"";13/12/2024 05:45:00;09/09/2025 14:18:00;09/09/2025 12:37:00;$ 104,13;O
"";ID;Item;Quantidade;Valor unitário;Valor total
"";33038;TRANSITAR EM VELOCIDADE SUPERIOR A 20%;1;$ 104,13;$ 104,13
MULTA;QRD-7I51 - VOLKSWAGEN 11180;DETRAN MT;"";"";11/12/2024 08:21:00;30/08/2025 08:43:00;30/08/2025 08:43:00;$ 293,47;O
"";ID;Item;Quantidade;Valor unitário;Valor total
"";33041;AVANCAR SINAL VERMELHO DO SEMAFORO;1;$ 293,47;$ 293,47
MULTA;BDX-9H60 - VW/9.170 DRC 4X2;DETRAN MT;"";"";10/12/2024 07:35:00;26/08/2025 16:09:00;26/08/2025 16:09:00;$ 260,32;O
"";ID;Item;Quantidade;Valor unitário;Valor total
"";33042;MULTA POR NAO IDENTIFICAÇÃO DO CONDUTOR;1;$ 260,32;$ 260,32
MULTA;BDX-9H60 - VW/9.170 DRC 4X2;DETRAN MT;"";"";10/12/2024 06:58:00;26/08/2025 16:14:00;26/08/2025 16:14:00;$ 586,94;O
"";ID;Item;Quantidade;Valor unitário;Valor total
"";33042;MULTA POR NAO IDENTIFICAÇÃO DO CONDUTOR;1;$ 586,94;$ 586,94
MULTA;CVP1962 - VOLKSWAGEN 8120;DETRAN MT;"";"";10/12/2024 06:58:00;27/08/2025 09:51:00;27/08/2025 09:51:00;$ 390,46;O
"";ID;Item;Quantidade;Valor unitário;Valor total
"";33042;MULTA POR NAO IDENTIFICAÇÃO DO CONDUTOR;1;$ 390,46;$ 390,46
MULTA;CVP1962 - VOLKSWAGEN 8120;DETRAN MT;"";"";10/12/2024 06:58:00;27/08/2025 09:53:00;27/08/2025 09:53:00;$ 390,46;O
"";ID;Item;Quantidade;Valor unitário;Valor total
"";33039;MULTA POR NAO IDENTIFICAR O CONDUTOR INFRATOR;1;$ 390,46;$ 390,46
MULTA;NWA-3I75 - VOLKSWAGEN 8120;DETRAN MT;"";"";10/12/2024 06:58:00;28/08/2025 09:44:00;28/08/2025 09:44:00;$ 390,46;O
"";ID;Item;Quantidade;Valor unitário;Valor total
"";33039;MULTA POR NAO IDENTIFICAR O CONDUTOR INFRATOR;1;$ 390,46;$ 390,46
MULTA;NWA-3I75 - VOLKSWAGEN 8120;DETRAN MT;"";"";10/12/2024 06:58:00;28/08/2025 10:14:00;28/08/2025 10:14:00;$ 390,46;O
"";ID;Item;Quantidade;Valor unitário;Valor total
"";33039;MULTA POR NAO IDENTIFICAR O CONDUTOR INFRATOR;1;$ 390,46;$ 390,46
MULTA;NWA-3I75 - VOLKSWAGEN 8120;DETRAN MT;"";"";10/12/2024 06:58:00;28/08/2025 10:16:00;28/08/2025 10:16:00;$ 390,46;O
"";ID;Item;Quantidade;Valor unitário;Valor total
"";33039;MULTA POR NAO IDENTIFICAR O CONDUTOR INFRATOR;1;$ 390,46;$ 390,46
MULTA;JYU-1051 - VOLKSWAGEN 8.120;DETRAN MT;"";"";10/12/2024 03:46:00;27/08/2025 13:21:00;27/08/2025 13:21:00;$ 260,32;O
"";ID;Item;Quantidade;Valor unitário;Valor total
"";33042;MULTA POR NAO IDENTIFICAÇÃO DO CONDUTOR;1;$ 260,32;$ 260,32
MULTA;BAV6C31 - VW/8.160 DRC 4X2;DETRAN MT;"";"";08/12/2024 14:41:00;26/08/2025 14:41:00;26/08/2025 14:41:00;$ 130,16;O
"";ID;Item;Quantidade;Valor unitário;Valor total
"";33038;TRANSITAR EM VELOCIDADE SUPERIOR A 20%;1;$ 130,16;$ 130,16
MULTA;BDX-9H60 - VW/9.170 DRC 4X2;DETRAN MT;"";"";02/12/2024 16:20:00;26/08/2025 16:38:00;26/08/2025 16:38:00;$ 195,23;O
"";ID;Item;Quantidade;Valor unitário;Valor total
"";33045;EXECUTAR OPERAÇÃO CONVERSAO EM LOCAL PROIBIDO;1;$ 195,23;$ 195,23
MULTA E431577425;JYU-1051 - VOLKSWAGEN 8.120;DETRAN MT;"";"";21/11/2024 14:11:00;31/03/2025 14:11:00;19/09/2025 13:33:00;$ 306,08;O
"";ID;Item;Quantidade;Valor unitário;Valor total
"";33041;AVANCAR SINAL VERMELHO DO SEMAFORO;1;$ 306,08;$ 306,08
MULTA;JYU-1051 - VOLKSWAGEN 8.120;DETRAN MT;"";"";21/11/2024 08:50:00;27/08/2025 13:23:00;27/08/2025 13:23:00;$ 293,47;O
"";ID;Item;Quantidade;Valor unitário;Valor total
"";33041;AVANCAR SINAL VERMELHO DO SEMAFORO;1;$ 293,47;$ 293,47
MULTA EM ABERTO;JYU-1051 - VOLKSWAGEN 8.120;DETRAN MT;"";"";21/11/2024 08:50:00;08/09/2025 14:23:00;10/09/2025 16:10:00;$ 234,78;O
"";ID;Item;Quantidade;Valor unitário;Valor total
"";33041;AVANCAR SINAL VERMELHO DO SEMAFORO;1;$ 234,78;$ 234,78
MULTA;QRD-7I51 - VOLKSWAGEN 11180;DETRAN MT;"";"";14/11/2024 20:51:00;30/08/2025 08:45:00;30/08/2025 08:45:00;$ 293,47;O
"";ID;Item;Quantidade;Valor unitário;Valor total
"";33041;AVANCAR SINAL VERMELHO DO SEMAFORO;1;$ 293,47;$ 293,47
MULTA;NVX3C19 - I/TOYOTA HILUX CS4X4CHAS;DETRAN MT;"";"";14/11/2024 15:15:00;28/08/2025 09:06:00;28/08/2025 09:06:00;$ 130,16;O
"";ID;Item;Quantidade;Valor unitário;Valor total
"";33038;TRANSITAR EM VELOCIDADE SUPERIOR A 20%;1;$ 130,16;$ 130,16
MULTA;SPI-3A99 - VW/DELIVERY 11.180;DETRAN MT;"";"";13/11/2024 09:00:00;30/08/2025 09:46:00;30/08/2025 09:46:00;$ 260,32;O
"";ID;Item;Quantidade;Valor unitário;Valor total
"";33042;MULTA POR NAO IDENTIFICAÇÃO DO CONDUTOR;1;$ 260,32;$ 260,32
MULTA;JYU-1051 - VOLKSWAGEN 8.120;DETRAN MT;"";"";05/11/2024 17:44:00;27/08/2025 13:24:00;27/08/2025 13:24:00;$ 293,47;O
"";ID;Item;Quantidade;Valor unitário;Valor total
"";33041;AVANCAR SINAL VERMELHO DO SEMAFORO;1;$ 293,47;$ 293,47
MULTA;"";DETRAN MT;"";"";01/11/2024 16:18:00;29/08/2025 14:19:00;29/08/2025 14:19:00;$ 130,16;O
"";ID;Item;Quantidade;Valor unitário;Valor total
"";33057;PARAR SOBRE FAIXA DE PEDESTRE;1;$ 130,16;$ 130,16
MULTA;QRD-7I51 - VOLKSWAGEN 11180;DETRAN MT;"";"";31/10/2024 08:43:00;30/08/2025 09:02:00;30/08/2025 09:02:00;$ 130,16;O
"";ID;Item;Quantidade;Valor unitário;Valor total
"";33038;TRANSITAR EM VELOCIDADE SUPERIOR A 20%;1;$ 130,16;$ 130,16
MULTA;QTW4D43 - TOYOTA/HILUX CSLSTM4FD;DETRAN MT;"";"";31/10/2024 08:43:00;30/08/2025 09:25:00;30/08/2025 09:25:00;$ 130,16;O
"";ID;Item;Quantidade;Valor unitário;Valor total
"";33038;TRANSITAR EM VELOCIDADE SUPERIOR A 20%;1;$ 130,16;$ 130,16
MULTA;NWA-3I75 - VOLKSWAGEN 8120;DETRAN MT;"";"";30/10/2024 03:58:00;28/08/2025 10:17:00;28/08/2025 10:17:00;$ 586,94;O
"";ID;Item;Quantidade;Valor unitário;Valor total
"";33039;MULTA POR NAO IDENTIFICAR O CONDUTOR INFRATOR;1;$ 586,94;$ 586,94
MULTA;NWA-3I75 - VOLKSWAGEN 8120;DETRAN MT;"";"";23/10/2024 08:52:00;28/08/2025 10:46:00;28/08/2025 10:46:00;$ 195,23;O
"";ID;Item;Quantidade;Valor unitário;Valor total
"";33061;DEIXAR O PASSA DE USAR CINTO DE SEG;1;$ 195,23;$ 195,23
MULTA;NWA-3I75 - VOLKSWAGEN 8120;DETRAN MT;"";"";17/09/2024 07:59:00;28/08/2025 10:49:00;28/08/2025 10:49:00;$ 195,23;O
"";ID;Item;Quantidade;Valor unitário;Valor total
"";33045;EXECUTAR OPERAÇÃO CONVERSAO EM LOCAL PROIBIDO;1;$ 195,23;$ 195,23
MULTA;JYU-1051 - VOLKSWAGEN 8.120;DETRAN MT;"";"";11/09/2024 18:22:00;27/08/2025 13:26:00;27/08/2025 13:26:00;$ 130,16;O
"";ID;Item;Quantidade;Valor unitário;Valor total
"";33038;TRANSITAR EM VELOCIDADE SUPERIOR A 20%;1;$ 130,16;$ 130,16
MULTA;CVP1962 - VOLKSWAGEN 8120;DETRAN MT;"";"";27/08/2024 10:22:00;27/08/2025 09:55:00;27/08/2025 09:55:00;$ 195,23;O
"";ID;Item;Quantidade;Valor unitário;Valor total
"";33059;DEIXAR O CONDUTOR DE USAR O CINTO SEGURANÇA;1;$ 195,23;$ 195,23
MULTA;LKQ-1G03 - VW/8.120 EURO3;DETRAN MT;"";"";31/07/2024 09:42:00;27/08/2025 15:10:00;27/08/2025 15:10:00;$ 195,23;O
"";ID;Item;Quantidade;Valor unitário;Valor total
"";33065;condu veic c/EQUIP obrig DESACORDO CONTRAN;1;$ 195,23;$ 195,23
MULTA;BAV6C31 - VW/8.160 DRC 4X2;DETRAN MT;"";"";24/07/2024 15:22:00;26/08/2025 14:53:00;26/08/2025 14:53:00;$ 130,16;O
"";ID;Item;Quantidade;Valor unitário;Valor total
"";33038;TRANSITAR EM VELOCIDADE SUPERIOR A 20%;1;$ 130,16;$ 130,16
MULTA;BAV6C31 - VW/8.160 DRC 4X2;DETRAN MT;"";"";18/07/2024 14:51:00;26/08/2025 14:57:00;26/08/2025 14:57:00;$ 130,16;O
"";ID;Item;Quantidade;Valor unitário;Valor total
"";33040;TRANSITAR COM OS FAROIS DESLIGADOS;1;$ 130,16;$ 130,16
MULTA;BDX-9H60 - VW/9.170 DRC 4X2;DETRAN MT;"";"";08/07/2024 08:59:00;26/08/2025 16:22:00;26/08/2025 16:22:00;$ 293,47;O
"";ID;Item;Quantidade;Valor unitário;Valor total
"";33044;TRANSITAR PELA CONTRA MÃO;1;$ 293,47;$ 293,47
MULTA;OQB-6A99 - FIAT/STRADA WORKING;DETRAN MT;"";"";06/07/2024 07:18:00;29/08/2025 14:33:00;29/08/2025 14:33:00;$ 130,16;O
"";ID;Item;Quantidade;Valor unitário;Valor total
"";33038;TRANSITAR EM VELOCIDADE SUPERIOR A 20%;1;$ 130,16;$ 130,16
MULTA;CVP1962 - VOLKSWAGEN 8120;DETRAN MT;"";"";04/07/2024 10:04:00;27/08/2025 09:56:00;27/08/2025 09:56:00;$ 195,23;O
"";ID;Item;Quantidade;Valor unitário;Valor total
"";33059;DEIXAR O CONDUTOR DE USAR O CINTO SEGURANÇA;1;$ 195,23;$ 195,23
MULTA;QRD-7I51 - VOLKSWAGEN 11180;DETRAN MT;"";"";20/06/2024 07:43:00;30/08/2025 09:03:00;30/08/2025 09:03:00;$ 130,16;O
"";ID;Item;Quantidade;Valor unitário;Valor total
"";33038;TRANSITAR EM VELOCIDADE SUPERIOR A 20%;1;$ 130,16;$ 130,16
MULTA;BDX-9H60 - VW/9.170 DRC 4X2;DETRAN MT;"";"";17/06/2024 12:06:00;26/08/2025 16:28:00;26/08/2025 16:28:00;$ 130,16;O
"";ID;Item;Quantidade;Valor unitário;Valor total
"";33038;TRANSITAR EM VELOCIDADE SUPERIOR A 20%;1;$ 130,16;$ 130,16
MULTA;BEH6C13 - VW/6.160 DRC 4X2;DETRAN MT;"";"";13/06/2024 02:31:00;27/08/2025 09:28:00;27/08/2025 09:28:00;$ 260,32;O
"";ID;Item;Quantidade;Valor unitário;Valor total
"";33042;MULTA POR NAO IDENTIFICAÇÃO DO CONDUTOR;1;$ 260,32;$ 260,32
MULTA;BDX-9H60 - VW/9.170 DRC 4X2;DETRAN MT;"";"";13/06/2024 00:00:00;26/08/2025 16:45:00;27/08/2025 09:09:00;$ 195,23;O
"";ID;Item;Quantidade;Valor unitário;Valor total
"";33046;TRANSITAR VELOCIDADE SUP A MAX PERMIT 20% 50%;1;$ 195,23;$ 195,23
MULTA;CVP1962 - VOLKSWAGEN 8120;DETRAN MT;"";"";08/06/2024 09:46:00;27/08/2025 09:58:00;27/08/2025 09:58:00;$ 195,23;O
"";ID;Item;Quantidade;Valor unitário;Valor total
"";33060;EXECUTAR CONVERSAO A ESQ EM LOCAL PROIBIDO;1;$ 195,23;$ 195,23
MULTA;QBK-1J74 - FORD CARGO 816;DETRAN MT;"";"";18/05/2024 12:00:00;29/08/2025 15:38:00;29/08/2025 15:38:00;$ 293,47;O
"";ID;Item;Quantidade;Valor unitário;Valor total
"";33041;AVANCAR SINAL VERMELHO DO SEMAFORO;1;$ 293,47;$ 293,47
MULTA;QBK-1J74 - FORD CARGO 816;DETRAN MT;"";"";09/05/2024 08:17:00;29/08/2025 15:47:00;29/08/2025 15:47:00;$ 130,16;O
"";ID;Item;Quantidade;Valor unitário;Valor total
"";33038;TRANSITAR EM VELOCIDADE SUPERIOR A 20%;1;$ 130,16;$ 130,16
MULTA;BDX-9H60 - VW/9.170 DRC 4X2;DETRAN MT;"";"";04/05/2024 12:46:00;26/08/2025 16:33:00;26/08/2025 16:33:00;$ 130,16;O
"";ID;Item;Quantidade;Valor unitário;Valor total
"";33038;TRANSITAR EM VELOCIDADE SUPERIOR A 20%;1;$ 130,16;$ 130,16
MULTA;BEH6C13 - VW/6.160 DRC 4X2;DETRAN MT;"";"";28/04/2024 10:26:00;27/08/2025 09:29:00;27/08/2025 09:29:00;$ 130,16;O
"";ID;Item;Quantidade;Valor unitário;Valor total
"";33038;TRANSITAR EM VELOCIDADE SUPERIOR A 20%;1;$ 130,16;$ 130,16
MULTA;BEH6C13 - VW/6.160 DRC 4X2;DETRAN MT;"";"";27/04/2024 17:28:00;27/08/2025 09:31:00;27/08/2025 09:31:00;$ 130,16;O
"";ID;Item;Quantidade;Valor unitário;Valor total
"";33058;EM MOVIM DE DIA, DEIX DE MAN LUZ BAIXA SOB;1;$ 130,16;$ 130,16
MULTA;QRD-7I51 - VOLKSWAGEN 11180;DETRAN MT;"";"";24/03/2024 07:12:00;30/08/2025 09:07:00;30/08/2025 09:07:00;$ 130,16;O
"";ID;Item;Quantidade;Valor unitário;Valor total
"";33038;TRANSITAR EM VELOCIDADE SUPERIOR A 20%;1;$ 130,16;$ 130,16
MULTA;QTW4D43 - TOYOTA/HILUX CSLSTM4FD;DETRAN MT;"";"";24/03/2024 07:12:00;30/08/2025 09:29:00;30/08/2025 09:29:00;$ 130,16;O
"";ID;Item;Quantidade;Valor unitário;Valor total
"";33038;TRANSITAR EM VELOCIDADE SUPERIOR A 20%;1;$ 130,16;$ 130,16
MULTA;QRD-7I51 - VOLKSWAGEN 11180;DETRAN MT;"";"";13/03/2024 15:39:00;30/08/2025 08:46:00;30/08/2025 08:46:00;$ 293,47;O
"";ID;Item;Quantidade;Valor unitário;Valor total
"";33041;AVANCAR SINAL VERMELHO DO SEMAFORO;1;$ 293,47;$ 293,47
MULTA;QRD-7I51 - VOLKSWAGEN 11180;DETRAN MT;"";"";12/03/2024 15:48:00;30/08/2025 08:47:00;30/08/2025 08:47:00;$ 293,47;O
"";ID;Item;Quantidade;Valor unitário;Valor total
"";33041;AVANCAR SINAL VERMELHO DO SEMAFORO;1;$ 293,47;$ 293,47
MULTA;QRD-7I51 - VOLKSWAGEN 11180;DETRAN MT;"";"";11/03/2024 07:58:00;30/08/2025 08:48:00;30/08/2025 08:48:00;$ 293,47;O
"";ID;Item;Quantidade;Valor unitário;Valor total
"";33041;AVANCAR SINAL VERMELHO DO SEMAFORO;1;$ 293,47;$ 293,47
MULTA;CVP1962 - VOLKSWAGEN 8120;DETRAN MT;"";"";04/03/2024 15:02:00;27/08/2025 10:01:00;27/08/2025 10:01:00;$ 195,23;O
"";ID;Item;Quantidade;Valor unitário;Valor total
"";33059;DEIXAR O CONDUTOR DE USAR O CINTO SEGURANÇA;1;$ 195,23;$ 195,23
MULTA;QRD-7I51 - VOLKSWAGEN 11180;DETRAN MT;"";"";29/02/2024 19:16:00;30/08/2025 08:49:00;30/08/2025 08:49:00;$ 293,47;O
"";ID;Item;Quantidade;Valor unitário;Valor total
"";33041;AVANCAR SINAL VERMELHO DO SEMAFORO;1;$ 293,47;$ 293,47
MULTA;BAV6C31 - VW/8.160 DRC 4X2;DETRAN MT;"";"";12/02/2024 15:50:00;26/08/2025 15:02:00;26/08/2025 15:02:00;$ 293,47;O
"";ID;Item;Quantidade;Valor unitário;Valor total
"";33041;AVANCAR SINAL VERMELHO DO SEMAFORO;1;$ 293,47;$ 293,47
MULTA;NVX3C19 - I/TOYOTA HILUX CS4X4CHAS;DETRAN MT;"";"";10/02/2024 16:00:00;28/08/2025 09:07:00;28/08/2025 09:07:00;$ 293,47;O
"";ID;Item;Quantidade;Valor unitário;Valor total
"";33041;AVANCAR SINAL VERMELHO DO SEMAFORO;1;$ 293,47;$ 293,47
MULTA;JYU-1051 - VOLKSWAGEN 8.120;DETRAN MT;"";"";09/02/2024 20:15:00;27/08/2025 13:28:00;27/08/2025 13:28:00;$ 130,16;O
"";ID;Item;Quantidade;Valor unitário;Valor total
"";33038;TRANSITAR EM VELOCIDADE SUPERIOR A 20%;1;$ 130,16;$ 130,16
MULTA;OQB-6A99 - FIAT/STRADA WORKING;DETRAN MT;"";"";08/02/2024 05:14:00;29/08/2025 14:40:00;29/08/2025 14:40:00;$ 880,41;O
"";ID;Item;Quantidade;Valor unitário;Valor total
"";33172;TRANSITAR/VELOCI SUP A MAXIMA PERMI 50%;1;$ 880,41;$ 880,41
MULTA;QTW4D43 - TOYOTA/HILUX CSLSTM4FD;ATLANTICO COMERCIO ACES;"";"";02/02/2024 13:54:00;30/08/2025 09:08:00;30/08/2025 09:08:00;$ 130,16;O
"";ID;Item;Quantidade;Valor unitário;Valor total
"";33038;TRANSITAR EM VELOCIDADE SUPERIOR A 20%;1;$ 130,16;$ 130,16
MULTA;QTW4D43 - TOYOTA/HILUX CSLSTM4FD;DETRAN MT;"";"";02/02/2024 13:54:00;30/08/2025 09:30:00;30/08/2025 09:30:00;$ 130,16;O
"";ID;Item;Quantidade;Valor unitário;Valor total
"";33038;TRANSITAR EM VELOCIDADE SUPERIOR A 20%;1;$ 130,16;$ 130,16
MULTA;QRD-7I51 - VOLKSWAGEN 11180;DETRAN MT;"";"";18/12/2023 16:27:00;30/08/2025 09:09:00;30/08/2025 09:09:00;$ 130,16;O
"";ID;Item;Quantidade;Valor unitário;Valor total
"";33038;TRANSITAR EM VELOCIDADE SUPERIOR A 20%;1;$ 130,16;$ 130,16
MULTA;QTW4D43 - TOYOTA/HILUX CSLSTM4FD;DETRAN MT;"";"";18/12/2023 16:27:00;30/08/2025 09:31:00;30/08/2025 09:31:00;$ 130,16;O
"";ID;Item;Quantidade;Valor unitário;Valor total
"";33038;TRANSITAR EM VELOCIDADE SUPERIOR A 20%;1;$ 130,16;$ 130,16
MULTA;NVX3C19 - I/TOYOTA HILUX CS4X4CHAS;DETRAN MT;"";"";25/11/2023 08:13:00;28/08/2025 09:08:00;28/08/2025 09:08:00;$ 130,16;O
"";ID;Item;Quantidade;Valor unitário;Valor total
"";33038;TRANSITAR EM VELOCIDADE SUPERIOR A 20%;1;$ 130,16;$ 130,16
MULTA;OQB-6A99 - FIAT/STRADA WORKING;DETRAN MT;"";"";12/11/2023 08:12:00;29/08/2025 14:45:00;29/08/2025 14:45:00;$ 293,47;O
"";ID;Item;Quantidade;Valor unitário;Valor total
"";33041;AVANCAR SINAL VERMELHO DO SEMAFORO;1;$ 293,47;$ 293,47
MULTA;QBK-1J74 - FORD CARGO 816;DETRAN MT;"";"";08/11/2023 09:49:00;30/08/2025 08:11:00;30/08/2025 08:11:00;$ 293,47;O
"";ID;Item;Quantidade;Valor unitário;Valor total
"";33117;DIRIGIR VEICULO MANUSEANDO TELEFONE CELULAR;1;$ 293,47;$ 293,47
MULTA;QBK-1J74 - FORD CARGO 816;DETRAN MT;"";"";08/11/2023 09:49:00;30/08/2025 08:13:00;30/08/2025 08:13:00;$ 586,94;O
"";ID;Item;Quantidade;Valor unitário;Valor total
"";33042;MULTA POR NAO IDENTIFICAÇÃO DO CONDUTOR;1;$ 586,94;$ 586,94
MULTA;QRD-7I51 - VOLKSWAGEN 11180;DETRAN MT;"";"";06/11/2023 16:54:00;30/08/2025 08:50:00;30/08/2025 08:50:00;$ 195,23;O
"";ID;Item;Quantidade;Valor unitário;Valor total
"";33062;DEIXAR O PASSAG DE USAR CINTO SEGU;1;$ 195,23;$ 195,23
MULTA;CVP1962 - VOLKSWAGEN 8120;DETRAN MT;"";"";09/10/2023 08:57:00;27/08/2025 10:02:00;27/08/2025 10:02:00;$ 130,16;O
"";ID;Item;Quantidade;Valor unitário;Valor total
"";33058;EM MOVIM DE DIA, DEIX DE MAN LUZ BAIXA SOB;1;$ 130,16;$ 130,16
MULTA;QBK-1J74 - FORD CARGO 816;DETRAN MT;"";"";16/08/2023 08:18:00;30/08/2025 08:18:00;30/08/2025 08:18:00;$ 293,47;O
"";ID;Item;Quantidade;Valor unitário;Valor total
"";33186;DIRIGIR VEIC C/CNH VENCIDA MAIS DE 30 DIAS;1;$ 293,47;$ 293,47
MULTA;KAH8I62 - HONDA CG 125;DETRAN MT;"";"";01/08/2023 10:06:00;27/08/2025 14:01:00;27/08/2025 14:01:00;$ 293,47;O
"";ID;Item;Quantidade;Valor unitário;Valor total
"";33070;COND O VEIC REGIS Q/N/ESTEJA/DEVI/LIC;1;$ 293,47;$ 293,47
MULTA;KAH8I62 - HONDA CG 125;DETRAN MT;"";"";01/08/2023 10:02:00;27/08/2025 14:09:00;27/08/2025 14:09:00;$ 195,23;O
"";ID;Item;Quantidade;Valor unitário;Valor total
"";33071;DEIXAR DE GUARDAR DISTANCIA SEGURANCA LATERAL;1;$ 195,23;$ 195,23
MULTA;QRD-7I51 - VOLKSWAGEN 11180;DETRAN MT;"";"";20/07/2023 13:31:00;30/08/2025 09:12:00;30/08/2025 09:12:00;$ 130,16;O
"";ID;Item;Quantidade;Valor unitário;Valor total
"";33038;TRANSITAR EM VELOCIDADE SUPERIOR A 20%;1;$ 130,16;$ 130,16
MULTA;QTW4D43 - TOYOTA/HILUX CSLSTM4FD;DETRAN MT;"";"";20/07/2023 13:31:00;30/08/2025 09:32:00;30/08/2025 09:32:00;$ 130,16;O
"";ID;Item;Quantidade;Valor unitário;Valor total
"";33038;TRANSITAR EM VELOCIDADE SUPERIOR A 20%;1;$ 130,16;$ 130,16
MULTA;QRD-7I51 - VOLKSWAGEN 11180;DETRAN MT;"";"";30/06/2023 15:17:00;30/08/2025 09:13:00;30/08/2025 09:13:00;$ 130,16;O
"";ID;Item;Quantidade;Valor unitário;Valor total
"";33038;TRANSITAR EM VELOCIDADE SUPERIOR A 20%;1;$ 130,16;$ 130,16
MULTA;QTW4D43 - TOYOTA/HILUX CSLSTM4FD;DETRAN MT;"";"";30/06/2023 15:17:00;30/08/2025 09:33:00;30/08/2025 09:33:00;$ 130,16;O
"";ID;Item;Quantidade;Valor unitário;Valor total
"";33038;TRANSITAR EM VELOCIDADE SUPERIOR A 20%;1;$ 130,16;$ 130,16
MULTA;QRD-7I51 - VOLKSWAGEN 11180;DETRAN MT;"";"";28/06/2023 13:22:00;30/08/2025 09:15:00;30/08/2025 09:15:00;$ 0,00;O
"";Não possui itens 
""
MULTA;QTW4D43 - TOYOTA/HILUX CSLSTM4FD;DETRAN MT;"";"";28/06/2023 13:22:00;30/08/2025 09:34:00;30/08/2025 09:34:00;$ 880,41;O
"";ID;Item;Quantidade;Valor unitário;Valor total
"";33172;TRANSITAR/VELOCI SUP A MAXIMA PERMI 50%;1;$ 880,41;$ 880,41
MULTA;BAV6C31 - VW/8.160 DRC 4X2;DETRAN MT;"";"";02/06/2023 05:57:00;26/08/2025 15:05:00;26/08/2025 15:05:00;$ 130,16;O
"";ID;Item;Quantidade;Valor unitário;Valor total
"";33038;TRANSITAR EM VELOCIDADE SUPERIOR A 20%;1;$ 130,16;$ 130,16
MULTA;OQB-6A99 - FIAT/STRADA WORKING;DETRAN MT;"";"";04/04/2023 11:38:00;29/08/2025 14:47:00;29/08/2025 14:47:00;$ 293,47;O
"";ID;Item;Quantidade;Valor unitário;Valor total
"";33041;AVANCAR SINAL VERMELHO DO SEMAFORO;1;$ 293,47;$ 293,47
MULTA;OQB-6A99 - FIAT/STRADA WORKING;DETRAN MT;"";"";04/02/2023 09:04:00;29/08/2025 14:48:00;29/08/2025 14:48:00;$ 130,16;O
"";ID;Item;Quantidade;Valor unitário;Valor total
"";33038;TRANSITAR EM VELOCIDADE SUPERIOR A 20%;1;$ 130,16;$ 130,16
MULTA;OQB-6A99 - FIAT/STRADA WORKING;DETRAN MT;"";"";31/01/2023 14:04:00;29/08/2025 14:50:00;29/08/2025 14:50:00;$ 195,23;O
"";ID;Item;Quantidade;Valor unitário;Valor total
"";33059;DEIXAR O CONDUTOR DE USAR O CINTO SEGURANÇA;1;$ 195,23;$ 195,23
MULTA;JYU-1051 - VOLKSWAGEN 8.120;DETRAN MT;"";"";21/01/2023 14:07:00;27/08/2025 13:30:00;27/08/2025 13:30:00;$ 130,16;O
"";ID;Item;Quantidade;Valor unitário;Valor total
"";33038;TRANSITAR EM VELOCIDADE SUPERIOR A 20%;1;$ 130,16;$ 130,16
MULTA;LKQ-1G03 - VW/8.120 EURO3;DETRAN MT;"";"";21/01/2023 08:07:00;27/08/2025 15:13:00;27/08/2025 15:13:00;$ 195,23;O
"";ID;Item;Quantidade;Valor unitário;Valor total
"";33059;DEIXAR O CONDUTOR DE USAR O CINTO SEGURANÇA;1;$ 195,23;$ 195,23
MULTA;LKQ-1G03 - VW/8.120 EURO3;DETRAN MT;"";"";16/01/2023 09:17:00;27/08/2025 15:14:00;27/08/2025 15:14:00;$ 195,23;O
"";ID;Item;Quantidade;Valor unitário;Valor total
"";33089;DEIXAR O PASSAGEIRO DE USAR O CINTO DE SEG;1;$ 195,23;$ 195,23
MULTA;LKQ-1G03 - VW/8.120 EURO3;DETRAN MT;"";"";16/01/2023 09:17:00;27/08/2025 15:16:00;27/08/2025 15:16:00;$ 195,23;O
"";ID;Item;Quantidade;Valor unitário;Valor total
"";33059;DEIXAR O CONDUTOR DE USAR O CINTO SEGURANÇA;1;$ 195,23;$ 195,23
MULTA;JYU-1051 - VOLKSWAGEN 8.120;DETRAN MT;"";"";14/01/2023 04:00:00;27/08/2025 13:33:00;27/08/2025 13:33:00;$ 130,16;O
"";ID;Item;Quantidade;Valor unitário;Valor total
"";33038;TRANSITAR EM VELOCIDADE SUPERIOR A 20%;1;$ 130,16;$ 130,16
MULTA;LKQ-1G03 - VW/8.120 EURO3;DETRAN MT;"";"";27/12/2022 14:12:00;27/08/2025 15:18:00;27/08/2025 15:18:00;$ 195,23;O
"";ID;Item;Quantidade;Valor unitário;Valor total
"";33045;EXECUTAR OPERAÇÃO CONVERSAO EM LOCAL PROIBIDO;1;$ 195,23;$ 195,23
MULTA;QRD-7I51 - VOLKSWAGEN 11180;DETRAN MT;"";"";08/12/2022 08:49:00;30/08/2025 08:53:00;30/08/2025 08:53:00;$ 195,23;O
"";ID;Item;Quantidade;Valor unitário;Valor total
"";33188;ESTACIONAR NO PASSEIO;1;$ 195,23;$ 195,23
MULTA;QBK-1J74 - FORD CARGO 816;DETRAN MT;"";"";04/12/2022 08:15:00;30/08/2025 08:19:00;30/08/2025 08:19:00;$ 130,16;O
"";ID;Item;Quantidade;Valor unitário;Valor total
"";33038;TRANSITAR EM VELOCIDADE SUPERIOR A 20%;1;$ 130,16;$ 130,16
MULTA;KAH8I62 - HONDA CG 125;DETRAN MT;"";"";12/11/2022 10:50:00;27/08/2025 14:18:00;27/08/2025 14:18:00;$ 130,16;O
"";ID;Item;Quantidade;Valor unitário;Valor total
"";33038;TRANSITAR EM VELOCIDADE SUPERIOR A 20%;1;$ 130,16;$ 130,16
MULTA;QBK-1J74 - FORD CARGO 816;DETRAN MT;"";"";31/10/2022 10:55:00;29/08/2025 15:48:00;29/08/2025 15:48:00;$ 195,23;O
"";ID;Item;Quantidade;Valor unitário;Valor total
"";33059;DEIXAR O CONDUTOR DE USAR O CINTO SEGURANÇA;1;$ 195,23;$ 195,23
MULTA;OQB-6A99 - FIAT/STRADA WORKING;DETRAN MT;"";"";24/10/2022 16:00:00;29/08/2025 14:52:00;29/08/2025 14:52:00;$ 293,47;O
"";ID;Item;Quantidade;Valor unitário;Valor total
"";33041;AVANCAR SINAL VERMELHO DO SEMAFORO;1;$ 293,47;$ 293,47
MULTA;"";DETRAN MT;"";"";24/09/2022 16:11:00;29/08/2025 14:57:00;29/08/2025 14:57:00;$ 293,47;O
"";ID;Item;Quantidade;Valor unitário;Valor total
"";33041;AVANCAR SINAL VERMELHO DO SEMAFORO;1;$ 293,47;$ 293,47
MULTA;QBK-1J74 - FORD CARGO 816;DETRAN MT;"";"";19/09/2022 11:18:00;29/08/2025 15:50:00;29/08/2025 15:50:00;$ 130,16;O
"";ID;Item;Quantidade;Valor unitário;Valor total
"";33038;TRANSITAR EM VELOCIDADE SUPERIOR A 20%;1;$ 130,16;$ 130,16
MULTA;NVX3C19 - I/TOYOTA HILUX CS4X4CHAS;DETRAN MT;"";"";16/09/2022 10:44:00;28/08/2025 09:13:00;28/08/2025 09:13:00;$ 130,16;O
"";ID;Item;Quantidade;Valor unitário;Valor total
"";33038;TRANSITAR EM VELOCIDADE SUPERIOR A 20%;1;$ 130,16;$ 130,16
MULTA;OQB-6A99 - FIAT/STRADA WORKING;DETRAN MT;"";"";10/09/2022 08:55:00;29/08/2025 14:55:00;29/08/2025 14:55:00;$ 130,16;O
"";ID;Item;Quantidade;Valor unitário;Valor total
"";33038;TRANSITAR EM VELOCIDADE SUPERIOR A 20%;1;$ 130,16;$ 130,16
MULTA;CVP1962 - VOLKSWAGEN 8120;DETRAN MT;"";"";16/08/2022 09:10:00;27/08/2025 10:16:00;27/08/2025 10:16:00;$ 195,23;O
"";ID;Item;Quantidade;Valor unitário;Valor total
"";33062;DEIXAR O PASSAG DE USAR CINTO SEGU;1;$ 195,23;$ 195,23
MULTA;NVX3C19 - I/TOYOTA HILUX CS4X4CHAS;DETRAN MT;"";"";10/08/2022 09:57:00;28/08/2025 09:14:00;28/08/2025 09:14:00;$ 130,16;O
"";ID;Item;Quantidade;Valor unitário;Valor total
"";33038;TRANSITAR EM VELOCIDADE SUPERIOR A 20%;1;$ 130,16;$ 130,16
MULTA;NVX3C19 - I/TOYOTA HILUX CS4X4CHAS;DETRAN MT;"";"";02/08/2022 09:35:00;28/08/2025 09:16:00;28/08/2025 09:16:00;$ 195,23;O
"";ID;Item;Quantidade;Valor unitário;Valor total
"";33046;TRANSITAR VELOCIDADE SUP A MAX PERMIT 20% 50%;1;$ 195,23;$ 195,23
MULTA;CVP1962 - VOLKSWAGEN 8120;DETRAN MT;"";"";17/07/2022 11:24:00;27/08/2025 10:06:00;27/08/2025 10:06:00;$ 195,23;O
"";ID;Item;Quantidade;Valor unitário;Valor total
"";33059;DEIXAR O CONDUTOR DE USAR O CINTO SEGURANÇA;1;$ 195,23;$ 195,23
MULTA;NVX3C19 - I/TOYOTA HILUX CS4X4CHAS;DETRAN MT;"";"";11/07/2022 15:57:00;28/08/2025 09:17:00;28/08/2025 09:17:00;$ 130,16;O
"";ID;Item;Quantidade;Valor unitário;Valor total
"";33038;TRANSITAR EM VELOCIDADE SUPERIOR A 20%;1;$ 130,16;$ 130,16
MULTA;NVX3C19 - I/TOYOTA HILUX CS4X4CHAS;DETRAN MT;"";"";04/07/2022 13:53:00;28/08/2025 09:19:00;28/08/2025 09:19:00;$ 130,16;O
"";ID;Item;Quantidade;Valor unitário;Valor total
"";33038;TRANSITAR EM VELOCIDADE SUPERIOR A 20%;1;$ 130,16;$ 130,16
MULTA;NVX3C19 - I/TOYOTA HILUX CS4X4CHAS;DETRAN MT;"";"";04/07/2022 11:53:00;28/08/2025 09:20:00;28/08/2025 09:20:00;$ 130,16;O
"";ID;Item;Quantidade;Valor unitário;Valor total
"";33038;TRANSITAR EM VELOCIDADE SUPERIOR A 20%;1;$ 130,16;$ 130,16
MULTA;NVX3C19 - I/TOYOTA HILUX CS4X4CHAS;DETRAN MT;"";"";29/06/2022 09:23:00;28/08/2025 09:21:00;28/08/2025 09:21:00;$ 130,16;O
"";ID;Item;Quantidade;Valor unitário;Valor total
"";33038;TRANSITAR EM VELOCIDADE SUPERIOR A 20%;1;$ 130,16;$ 130,16
MULTA;NVX3C19 - I/TOYOTA HILUX CS4X4CHAS;DETRAN MT;"";"";26/06/2022 09:50:00;28/08/2025 09:22:00;28/08/2025 09:22:00;$ 130,16;O
"";ID;Item;Quantidade;Valor unitário;Valor total
"";33038;TRANSITAR EM VELOCIDADE SUPERIOR A 20%;1;$ 130,16;$ 130,16
MULTA;OQB-6A99 - FIAT/STRADA WORKING;DETRAN MT;"";"";25/06/2022 10:07:00;29/08/2025 14:58:00;29/08/2025 14:58:00;$ 293,47;O
"";ID;Item;Quantidade;Valor unitário;Valor total
"";33041;AVANCAR SINAL VERMELHO DO SEMAFORO;1;$ 293,47;$ 293,47
MULTA;NVX3C19 - I/TOYOTA HILUX CS4X4CHAS;DETRAN MT;"";"";24/06/2022 14:52:00;28/08/2025 09:23:00;28/08/2025 09:23:00;$ 130,16;O
"";ID;Item;Quantidade;Valor unitário;Valor total
"";33038;TRANSITAR EM VELOCIDADE SUPERIOR A 20%;1;$ 130,16;$ 130,16
MULTA;CVP1962 - VOLKSWAGEN 8120;DETRAN MT;"";"";22/06/2022 07:59:00;27/08/2025 10:19:00;27/08/2025 10:19:00;$ 880,41;O
"";ID;Item;Quantidade;Valor unitário;Valor total
"";33063;TRANSITAR COM O VEÍCULO EM CICLOFAIXAS;1;$ 880,41;$ 880,41
MULTA;OQB-6A99 - FIAT/STRADA WORKING;DETRAN MT;"";"";30/03/2022 11:26:00;29/08/2025 14:59:00;29/08/2025 14:59:00;$ 130,16;O
"";ID;Item;Quantidade;Valor unitário;Valor total
"";33038;TRANSITAR EM VELOCIDADE SUPERIOR A 20%;1;$ 130,16;$ 130,16
MULTA;NVX3C19 - I/TOYOTA HILUX CS4X4CHAS;DETRAN MT;"";"";28/03/2022 15:46:00;28/08/2025 09:25:00;28/08/2025 09:25:00;$ 130,16;O
"";ID;Item;Quantidade;Valor unitário;Valor total
"";33038;TRANSITAR EM VELOCIDADE SUPERIOR A 20%;1;$ 130,16;$ 130,16
MULTA;QRD-7I51 - VOLKSWAGEN 11180;DETRAN MT;"";"";26/03/2022 05:49:00;30/08/2025 08:56:00;30/08/2025 08:56:00;$ 130,16;O
"";ID;Item;Quantidade;Valor unitário;Valor total
"";33038;TRANSITAR EM VELOCIDADE SUPERIOR A 20%;1;$ 130,16;$ 130,16
MULTA;OQB-6A99 - FIAT/STRADA WORKING;DETRAN MT;"";"";12/03/2022 05:19:00;29/08/2025 15:02:00;29/08/2025 15:02:00;$ 130,16;O
"";ID;Item;Quantidade;Valor unitário;Valor total
"";33038;TRANSITAR EM VELOCIDADE SUPERIOR A 20%;1;$ 130,16;$ 130,16
MULTA;OQB-6A99 - FIAT/STRADA WORKING;DETRAN MT;"";"";12/03/2022 00:36:00;29/08/2025 15:05:00;29/08/2025 15:05:00;$ 130,16;O
"";ID;Item;Quantidade;Valor unitário;Valor total
"";33038;TRANSITAR EM VELOCIDADE SUPERIOR A 20%;1;$ 130,16;$ 130,16
MULTA;OQB-6A99 - FIAT/STRADA WORKING;DETRAN MT;"";"";07/03/2022 20:18:00;29/08/2025 15:27:00;29/08/2025 15:27:00;$ 130,16;O
"";ID;Item;Quantidade;Valor unitário;Valor total
"";33038;TRANSITAR EM VELOCIDADE SUPERIOR A 20%;1;$ 130,16;$ 130,16
MULTA;KAH8I62 - HONDA CG 125;DETRAN MT;"";"";06/03/2022 12:35:00;27/08/2025 14:19:00;27/08/2025 14:19:00;$ 293,47;O
"";ID;Item;Quantidade;Valor unitário;Valor total
"";33041;AVANCAR SINAL VERMELHO DO SEMAFORO;1;$ 293,47;$ 293,47
MULTA;NVX3C19 - I/TOYOTA HILUX CS4X4CHAS;DETRAN MT;"";"";08/02/2022 14:33:00;28/08/2025 09:26:00;28/08/2025 09:26:00;$ 293,47;O
"";ID;Item;Quantidade;Valor unitário;Valor total
"";33041;AVANCAR SINAL VERMELHO DO SEMAFORO;1;$ 293,47;$ 293,47
MULTA;QBK-1J74 - FORD CARGO 816;DETRAN MT;"";"";14/01/2022 17:41:00;29/08/2025 15:51:00;29/08/2025 15:51:00;$ 195,23;O
"";ID;Item;Quantidade;Valor unitário;Valor total
"";33043;CONDUZIR VEICULO COM EQP OBG INEFICIENTE;1;$ 195,23;$ 195,23
MULTA;QBK-1J74 - FORD CARGO 816;DETRAN MT;"";"";21/12/2021 14:11:00;"";29/08/2025 16:03:00;$ 195,23;O
"";ID;Item;Quantidade;Valor unitário;Valor total
"";33178;DESOBEDECER/ORDENS EMAN/AUTORIDADE/TRANSITO;1;$ 195,23;$ 195,23
MULTA;JYU-1051 - VOLKSWAGEN 8.120;DETRAN MT;"";"";14/12/2021 17:53:00;27/08/2025 13:46:00;27/08/2025 13:46:00;$ 130,16;O
"";ID;Item;Quantidade;Valor unitário;Valor total
"";33068;DEIXAR DE CONSERVAR NAS FAIXAS DA DIREITA;1;$ 130,16;$ 130,16
MULTA;QBK-1J74 - FORD CARGO 816;DETRAN MT;"";"";07/12/2021 15:54:00;29/08/2025 16:10:00;29/08/2025 16:10:00;$ 195,23;O
"";ID;Item;Quantidade;Valor unitário;Valor total
"";33093;COND/VEÍC/EM/MAU/ESTADO/DE/ONSER;1;$ 195,23;$ 195,23
MULTA;QBK-1J74 - FORD CARGO 816;DETRAN MT;"";"";07/12/2021 15:54:00;29/08/2025 16:12:00;29/08/2025 16:12:00;$ 130,16;O
"";ID;Item;Quantidade;Valor unitário;Valor total
"";33180;PORTAR NO VEIC/PLACAS IDENIF.DESACORDO;1;$ 130,16;$ 130,16
MULTA;CVP1962 - VOLKSWAGEN 8120;DETRAN MT;"";"";07/12/2021 10:26:00;27/08/2025 10:23:00;27/08/2025 10:23:00;$ 130,16;O
"";ID;Item;Quantidade;Valor unitário;Valor total
"";33046;TRANSITAR VELOCIDADE SUP A MAX PERMIT 20% 50%;1;$ 130,16;$ 130,16
MULTA;JYU-1051 - VOLKSWAGEN 8.120;DETRAN MT;"";"";01/12/2021 14:07:00;27/08/2025 13:34:00;27/08/2025 13:34:00;$ 130,16;O
"";ID;Item;Quantidade;Valor unitário;Valor total
"";33038;TRANSITAR EM VELOCIDADE SUPERIOR A 20%;1;$ 130,16;$ 130,16
MULTA;QBK-1J74 - FORD CARGO 816;DETRAN MT;"";"";27/11/2021 13:15:00;30/08/2025 08:21:00;30/08/2025 08:21:00;$ 130,16;O
"";ID;Item;Quantidade;Valor unitário;Valor total
"";33038;TRANSITAR EM VELOCIDADE SUPERIOR A 20%;1;$ 130,16;$ 130,16
MULTA;JYU-1051 - VOLKSWAGEN 8.120;DETRAN MT;"";"";11/11/2021 08:10:00;27/08/2025 13:36:00;27/08/2025 13:36:00;$ 195,23;O
"";ID;Item;Quantidade;Valor unitário;Valor total
"";33059;DEIXAR O CONDUTOR DE USAR O CINTO SEGURANÇA;1;$ 195,23;$ 195,23
MULTA;LKQ-1G03 - VW/8.120 EURO3;DETRAN MT;"";"";05/11/2021 10:28:00;27/08/2025 15:21:00;27/08/2025 15:21:00;$ 195,23;O
"";ID;Item;Quantidade;Valor unitário;Valor total
"";33065;condu veic c/EQUIP obrig DESACORDO CONTRAN;1;$ 195,23;$ 195,23
MULTA;LKQ-1G03 - VW/8.120 EURO3;DETRAN MT;"";"";05/11/2021 10:28:00;27/08/2025 15:23:00;27/08/2025 15:23:00;$ 195,23;O
"";ID;Item;Quantidade;Valor unitário;Valor total
"";33090;COND/VEIC C/ EQP SEM ILUMINAÇAO/SINALIZAÇAO;1;$ 195,23;$ 195,23
MULTA;LKQ-1G03 - VW/8.120 EURO3;DETRAN MT;"";"";05/11/2021 10:28:00;27/08/2025 15:26:00;27/08/2025 15:26:00;$ 195,23;O
"";ID;Item;Quantidade;Valor unitário;Valor total
"";33043;CONDUZIR VEICULO COM EQP OBG INEFICIENTE;1;$ 195,23;$ 195,23
MULTA;LKQ-1G03 - VW/8.120 EURO3;DETRAN MT;"";"";05/11/2021 10:27:00;27/08/2025 15:27:00;27/08/2025 15:27:00;$ 293,47;O
"";ID;Item;Quantidade;Valor unitário;Valor total
"";33088;COND VEICULO COM QUALQUER UMA DAS PLACAS;1;$ 293,47;$ 293,47
MULTA;JYU-1051 - VOLKSWAGEN 8.120;DETRAN MT;"";"";18/10/2021 15:31:00;27/08/2025 13:50:00;27/08/2025 13:50:00;$ 130,16;O
"";ID;Item;Quantidade;Valor unitário;Valor total
"";33069;EM MOV DE MAN ACES LUZ BAIXA DE DIA EM ROD;1;$ 130,16;$ 130,16
MULTA;QBK-1J74 - FORD CARGO 816;DETRAN MT;"";"";23/08/2021 23:14:00;30/08/2025 08:22:00;30/08/2025 08:22:00;$ 1.467,35;O
"";ID;Item;Quantidade;Valor unitário;Valor total
"";33187;ULTRAPASSAGEM PELA CONTRAMAO;1;$ 1.467,35;$ 1.467,35
MULTA;KCQ-5529 - MERCEDES BENZ 1113;DETRAN MT;"";"";04/05/2021 10:54:00;27/08/2025 14:26:00;27/08/2025 14:26:00;$ 130,16;O
"";ID;Item;Quantidade;Valor unitário;Valor total
"";33038;TRANSITAR EM VELOCIDADE SUPERIOR A 20%;1;$ 130,16;$ 130,16
MULTA;KCQ-5529 - MERCEDES BENZ 1113;DETRAN MT;"";"";04/05/2021 10:53:00;27/08/2025 14:31:00;27/08/2025 14:31:00;$ 130,16;O
"";ID;Item;Quantidade;Valor unitário;Valor total
"";33038;TRANSITAR EM VELOCIDADE SUPERIOR A 20%;1;$ 130,16;$ 130,16
MULTA;KCQ-5529 - MERCEDES BENZ 1113;DETRAN MT;"";"";03/05/2021 12:30:00;27/08/2025 14:39:00;27/08/2025 14:39:00;$ 130,16;O
"";ID;Item;Quantidade;Valor unitário;Valor total
"";33058;EM MOVIM DE DIA, DEIX DE MAN LUZ BAIXA SOB;1;$ 130,16;$ 130,16
MULTA;JYU-1051 - VOLKSWAGEN 8.120;DETRAN MT;"";"";20/03/2021 09:02:00;27/08/2025 13:39:00;27/08/2025 13:39:00;$ 130,16;O
"";ID;Item;Quantidade;Valor unitário;Valor total
"";33038;TRANSITAR EM VELOCIDADE SUPERIOR A 20%;1;$ 130,16;$ 130,16
MULTA;OQB-6A99 - FIAT/STRADA WORKING;DETRAN MT;"";"";04/03/2021 16:32:00;29/08/2025 15:34:00;29/08/2025 15:34:00;$ 130,16;O
"";ID;Item;Quantidade;Valor unitário;Valor total
"";33038;TRANSITAR EM VELOCIDADE SUPERIOR A 20%;1;$ 130,16;$ 130,16
MULTA;QTW4D43 - TOYOTA/HILUX CSLSTM4FD;DETRAN MT;"";"";26/01/2021 00:00:00;30/08/2025 09:35:00;30/08/2025 09:35:00;$ 130,16;O
"";ID;Item;Quantidade;Valor unitário;Valor total
"";33038;TRANSITAR EM VELOCIDADE SUPERIOR A 20%;1;$ 130,16;$ 130,16
MULTA;QBK-1J74 - FORD CARGO 816;DETRAN MT;"";"";04/12/2020 19:28:00;29/08/2025 16:14:00;29/08/2025 16:14:00;$ 130,16;O
"";ID;Item;Quantidade;Valor unitário;Valor total
"";33038;TRANSITAR EM VELOCIDADE SUPERIOR A 20%;1;$ 130,16;$ 130,16
MULTA;KCQ-5529 - MERCEDES BENZ 1113;DETRAN MT;"";"";19/10/2020 19:38:00;27/08/2025 14:41:00;27/08/2025 14:41:00;$ 130,16;O
"";ID;Item;Quantidade;Valor unitário;Valor total
"";33068;DEIXAR DE CONSERVAR NAS FAIXAS DA DIREITA;1;$ 130,16;$ 130,16
MULTA;NVX3C19 - I/TOYOTA HILUX CS4X4CHAS;DETRAN MT;"";"";08/10/2020 00:00:00;28/08/2025 09:28:00;28/08/2025 09:28:00;$ 293,47;O
"";ID;Item;Quantidade;Valor unitário;Valor total
"";33117;DIRIGIR VEICULO MANUSEANDO TELEFONE CELULAR;1;$ 293,47;$ 293,47
MULTA;LKQ-1G03 - VW/8.120 EURO3;DETRAN MT;"";"";13/04/2020 15:03:00;27/08/2025 15:33:00;27/08/2025 15:33:00;$ 293,47;O
"";ID;Item;Quantidade;Valor unitário;Valor total
"";33070;COND O VEIC REGIS Q/N/ESTEJA/DEVI/LIC;1;$ 293,47;$ 293,47
MULTA;JYU-1051 - VOLKSWAGEN 8.120;DETRAN MT;"";"";21/02/2020 10:39:00;27/08/2025 13:43:00;27/08/2025 13:43:00;$ 130,16;O
"";ID;Item;Quantidade;Valor unitário;Valor total
"";33067;MANTER LUZ BAIXA NAS RODOVIAS;1;$ 130,16;$ 130,16
MULTA;LKQ-1G03 - VW/8.120 EURO3;DETRAN MT;"";"";22/01/2020 16:40:00;27/08/2025 15:35:00;27/08/2025 15:35:00;$ 130,16;O
"";ID;Item;Quantidade;Valor unitário;Valor total
"";33038;TRANSITAR EM VELOCIDADE SUPERIOR A 20%;1;$ 130,16;$ 130,16
MULTA;OQB-6A99 - FIAT/STRADA WORKING;DETRAN MT;"";"";02/01/2020 09:41:00;29/08/2025 15:35:00;29/08/2025 15:35:00;$ 195,23;O
"";ID;Item;Quantidade;Valor unitário;Valor total
"";33046;TRANSITAR VELOCIDADE SUP A MAX PERMIT 20% 50%;1;$ 195,23;$ 195,23
MULTA;CVP1962 - VOLKSWAGEN 8120;DETRAN MT;"";"";04/10/2019 10:23:00;27/08/2025 10:25:00;27/08/2025 10:25:00;$ 130,16;O
"";ID;Item;Quantidade;Valor unitário;Valor total
"";33064;COND VEIC C/DEFEITO LAMP D/FAROL  QUEIMADA;1;$ 130,16;$ 130,16
MULTA;QBK-1J74 - FORD CARGO 816;DETRAN MT;"";"";27/09/2019 02:17:00;29/08/2025 16:23:00;29/08/2025 16:23:00;$ 130,16;O
"";ID;Item;Quantidade;Valor unitário;Valor total
"";33038;TRANSITAR EM VELOCIDADE SUPERIOR A 20%;1;$ 130,16;$ 130,16
MULTA;QBK-1J74 - FORD CARGO 816;DETRAN MT;"";"";31/07/2019 17:00:00;29/08/2025 16:26:00;29/08/2025 16:26:00;$ 195,23;O
"";ID;Item;Quantidade;Valor unitário;Valor total
"";33086;COND O VEÍCULO SEM EQUIPAMENTO OBRIGATÓRIO;1;$ 195,23;$ 195,23
MULTA;QBK-1J74 - FORD CARGO 816;DETRAN MT;"";"";31/07/2019 17:00:00;29/08/2025 16:29:00;29/08/2025 16:29:00;$ 0,00;O
"";Não possui itens 
""
MULTA;QBK-1J74 - FORD CARGO 816;DETRAN MT;"";"";02/07/2019 11:22:00;29/08/2025 16:31:00;29/08/2025 16:31:00;$ 130,16;O
"";ID;Item;Quantidade;Valor unitário;Valor total
"";33182;DIRIGIR VEICULO UTILIZANDO-SE DE TELEFONE;1;$ 130,16;$ 130,16
MULTA;"";DETRAN MT;"";"";03/03/2019 11:45:00;27/08/2025 10:29:00;27/08/2025 10:29:00;$ 293,47;O
"";ID;Item;Quantidade;Valor unitário;Valor total
"";33041;AVANCAR SINAL VERMELHO DO SEMAFORO;1;$ 293,47;$ 293,47
MULTA;OQB-6A99 - FIAT/STRADA WORKING;DETRAN MT;"";"";08/02/2019 16:57:00;29/08/2025 15:37:00;29/08/2025 15:37:00;$ 293,47;O
"";ID;Item;Quantidade;Valor unitário;Valor total
"";33041;AVANCAR SINAL VERMELHO DO SEMAFORO;1;$ 293,47;$ 293,47
MULTA;CVP1962 - VOLKSWAGEN 8120;DETRAN MT;"";"";04/01/2019 19:39:00;27/08/2025 10:31:00;27/08/2025 10:31:00;$ 195,23;O
"";ID;Item;Quantidade;Valor unitário;Valor total
"";33065;condu veic c/EQUIP obrig DESACORDO CONTRAN;1;$ 195,23;$ 195,23
MULTA;LKQ-1G03 - VW/8.120 EURO3;DETRAN MT;"";"";07/12/2018 14:01:00;27/08/2025 15:37:00;27/08/2025 15:37:00;$ 195,35;O
"";ID;Item;Quantidade;Valor unitário;Valor total
"";33092;DESOBEDECER ORDENS DE AUTRI/DE TRANSITO;1;$ 195,35;$ 195,35
MULTA;LKQ-1G03 - VW/8.120 EURO3;DETRAN MT;"";"";09/11/2018 08:51:00;27/08/2025 15:53:00;27/08/2025 15:53:00;$ 195,23;O
"";ID;Item;Quantidade;Valor unitário;Valor total
"";33065;condu veic c/EQUIP obrig DESACORDO CONTRAN;1;$ 195,23;$ 195,23
MULTA;LKQ-1G03 - VW/8.120 EURO3;DETRAN MT;"";"";09/11/2018 08:51:00;27/08/2025 15:55:00;27/08/2025 15:55:00;$ 195,23;O
"";ID;Item;Quantidade;Valor unitário;Valor total
"";33043;CONDUZIR VEICULO COM EQP OBG INEFICIENTE;1;$ 195,23;$ 195,23
MULTA;LKQ-1G03 - VW/8.120 EURO3;DETRAN MT;"";"";09/11/2018 08:51:00;27/08/2025 15:56:00;29/08/2025 14:00:00;$ 195,23;O
"";ID;Item;Quantidade;Valor unitário;Valor total
"";33093;COND/VEÍC/EM/MAU/ESTADO/DE/ONSER;1;$ 195,23;$ 195,23
MULTA;LKQ-1G03 - VW/8.120 EURO3;DETRAN MT;"";"";06/09/2018 18:54:00;27/08/2025 15:59:00;27/08/2025 15:59:00;$ 195,23;O
"";ID;Item;Quantidade;Valor unitário;Valor total
"";33046;TRANSITAR VELOCIDADE SUP A MAX PERMIT 20% 50%;1;$ 195,23;$ 195,23
MULTA;CVP1962 - VOLKSWAGEN 8120;DETRAN MT;"";"";31/08/2018 12:54:00;27/08/2025 10:34:00;27/08/2025 10:34:00;$ 293,47;O
"";ID;Item;Quantidade;Valor unitário;Valor total
"";33066;TRANSIT PELA CONTRAMAO EM VIA DE SENT UNICO;1;$ 293,47;$ 293,47
MULTA;QBK-1J74 - FORD CARGO 816;DETRAN MT;"";"";05/08/2018 11:28:00;29/08/2025 16:36:00;29/08/2025 16:36:00;$ 130,16;O
"";ID;Item;Quantidade;Valor unitário;Valor total
"";33038;TRANSITAR EM VELOCIDADE SUPERIOR A 20%;1;$ 130,16;$ 130,16
MULTA;LKQ-1G03 - VW/8.120 EURO3;DETRAN MT;"";"";11/06/2018 14:59:00;27/08/2025 16:06:00;27/08/2025 16:06:00;$ 130,16;O
"";ID;Item;Quantidade;Valor unitário;Valor total
"";33038;TRANSITAR EM VELOCIDADE SUPERIOR A 20%;1;$ 130,16;$ 130,16
MULTA;LKQ-1G03 - VW/8.120 EURO3;DETRAN MT;"";"";20/02/2018 08:56:00;27/08/2025 16:07:00;27/08/2025 16:07:00;$ 195,23;O
"";ID;Item;Quantidade;Valor unitário;Valor total
"";33065;condu veic c/EQUIP obrig DESACORDO CONTRAN;1;$ 195,23;$ 195,23
MULTA;LKQ-1G03 - VW/8.120 EURO3;DETRAN MT;"";"";20/02/2018 08:56:00;27/08/2025 16:30:00;27/08/2025 16:30:00;$ 195,23;O
"";ID;Item;Quantidade;Valor unitário;Valor total
"";33086;COND O VEÍCULO SEM EQUIPAMENTO OBRIGATÓRIO;1;$ 195,23;$ 195,23
MULTA;LKQ-1G03 - VW/8.120 EURO3;DETRAN MT;"";"";20/02/2018 08:56:00;27/08/2025 16:33:00;27/08/2025 16:33:00;$ 293,47;O
"";ID;Item;Quantidade;Valor unitário;Valor total
"";33070;COND O VEIC REGIS Q/N/ESTEJA/DEVI/LIC;1;$ 293,47;$ 293,47
MULTA;LKQ-1G03 - VW/8.120 EURO3;DETRAN MT;"";"";11/02/2018 08:45:00;27/08/2025 16:35:00;27/08/2025 16:35:00;$ 880,41;O
"";ID;Item;Quantidade;Valor unitário;Valor total
"";33094;transitar/velocidade superior a maxima de 50%;1;$ 880,41;$ 880,41
MULTA;QBK-1J74 - FORD CARGO 816;DETRAN MT;"";"";17/08/2017 10:51:00;29/08/2025 16:37:00;29/08/2025 16:37:00;$ 195,23;O
"";ID;Item;Quantidade;Valor unitário;Valor total
"";33043;CONDUZIR VEICULO COM EQP OBG INEFICIENTE;1;$ 195,23;$ 195,23
MULTA;QBK-1J74 - FORD CARGO 816;DETRAN MT;"";"";17/08/2017 10:51:00;30/08/2025 07:49:00;30/08/2025 07:49:00;$ 293,47;O
"";ID;Item;Quantidade;Valor unitário;Valor total
"";33070;COND O VEIC REGIS Q/N/ESTEJA/DEVI/LIC;1;$ 293,47;$ 293,47
MULTA;QBK-1J74 - FORD CARGO 816;DETRAN MT;"";"";27/07/2017 20:53:00;30/08/2025 07:52:00;30/08/2025 07:52:00;$ 293,47;O
"";ID;Item;Quantidade;Valor unitário;Valor total
"";33070;COND O VEIC REGIS Q/N/ESTEJA/DEVI/LIC;1;$ 293,47;$ 293,47
MULTA;QBK-1J74 - FORD CARGO 816;DETRAN MT;"";"";17/02/2017 23:08:00;30/08/2025 07:53:00;30/08/2025 07:53:00;$ 195,23;O
"";ID;Item;Quantidade;Valor unitário;Valor total
"";33093;COND/VEÍC/EM/MAU/ESTADO/DE/ONSER;1;$ 195,23;$ 195,23
MULTA;QBK-1J74 - FORD CARGO 816;DETRAN MT;"";"";13/07/2016 00:00:00;30/08/2025 07:54:00;30/08/2025 07:54:00;$ 574,61;O
"";ID;Item;Quantidade;Valor unitário;Valor total
"";33183;Dirigir veículo sem possuir CNH/PPD/ACC;1;$ 574,61;$ 574,61
MULTA;QBK-1J74 - FORD CARGO 816;DETRAN MT;"";"";01/06/2016 15:44:00;30/08/2025 07:57:00;30/08/2025 07:57:00;$ 53,20;O
"";ID;Item;Quantidade;Valor unitário;Valor total
"";33184;COND/VEICU/S OS DOC PORTE OBRIGATORIO;1;$ 53,20;$ 53,20
MULTA;QBK-1J74 - FORD CARGO 816;DETRAN MT;"";"";01/06/2016 15:43:00;30/08/2025 08:01:00;30/08/2025 08:01:00;$ 195,23;O
"";ID;Item;Quantidade;Valor unitário;Valor total
"";33093;COND/VEÍC/EM/MAU/ESTADO/DE/ONSER;1;$ 195,23;$ 195,23
MULTA;QBK-1J74 - FORD CARGO 816;DETRAN MT;"";"";31/05/2016 09:19:00;30/08/2025 08:02:00;30/08/2025 08:02:00;$ 195,23;O
"";ID;Item;Quantidade;Valor unitário;Valor total
"";33059;DEIXAR O CONDUTOR DE USAR O CINTO SEGURANÇA;1;$ 195,23;$ 195,23
MULTA;QBK-1J74 - FORD CARGO 816;DETRAN MT;"";"";18/10/2015 08:35:00;30/08/2025 08:07:00;30/08/2025 08:07:00;$ 195,23;O
"";ID;Item;Quantidade;Valor unitário;Valor total
"";33059;DEIXAR O CONDUTOR DE USAR O CINTO SEGURANÇA;1;$ 195,23;$ 195,23
MULTA;QBK-1J74 - FORD CARGO 816;DETRAN MT;"";"";04/06/2015 15:10:00;30/08/2025 08:08:00;30/08/2025 08:08:00;$ 85,13;O
"";ID;Item;Quantidade;Valor unitário;Valor total
"";33185;COND VEI. CARGA C/FALTA DE INSCRICAO TARA;1;$ 85,13;$ 85,13
